店家代號,2022年1月,2022年2月,2022年3月,2022年4月,2022年5月,2022年6月,2022年7月,2022年8月,2022年9月,2021年1月,2021年2月,2021年3月,2021年4月,2021年5月,2021年6月,2021年7月,2021年8月,2021年9月,2021年10月,2021年11月,2021年12月
3,0,0,0,4,1,0,0,0,8,0,0,0,0,0,0,0,0,0,2,13,3
6,0,0,0,26,0,10,0,37,0,0,0,0,0,0,0,0,0,0,0,0,3
7,0,20,0,0,0,22,10,20,5,0,0,0,0,0,0,0,0,0,0,10,0
14,0,0,0,5,0,0,0,0,0,0,0,0,0,0,0,0,0,0,0,0,0
16,0,0,0,0,0,0,0,0,0,0,0,0,0,0,0,0,0,0,1,0,0
18,0,0,0,0,0,0,0,0,0,0,0,0,0,0,0,0,0,0,0,4,3
20,0,3,0,0,3,0,0,6,0,0,0,0,0,0,0,0,0,0,0,0,0
22,0,0,0,0,0,0,3,4,0,0,0,0,0,0,0,0,0,0,0,2,0
24,0,0,0,2,0,1,0,0,0,0,0,0,0,0,0,0,0,0,2,0,0
25,0,0,0,0,0,0,0,0,0,0,0,0,0,0,0,0,0,0,4,0,0
26,0,0,0,0,0,0,0,0,0,0,0,0,0,0,0,0,0,0,5,0,0
27,6,0,0,0,0,0,0,0,0,0,0,0,0,0,0,0,0,0,0,0,0
28,0,0,0,0,0,0,0,0,0,0,0,0,0,0,0,0,0,0,3,5,0
29,0,0,0,0,0,10,10,0,0,0,0,0,0,0,0,0,0,0,0,10,0
31,0,0,0,0,3,0,0,0,0,0,0,0,0,0,0,0,0,0,0,0,0
34,0,5,0,0,0,0,0,0,0,0,0,0,0,0,0,0,0,0,0,0,0
36,0,0,0,0,0,0,0,0,0,0,0,0,0,0,0,0,0,0,4,0,0
41,0,0,0,0,0,0,0,0,0,0,0,0,0,0,0,0,0,0,0,4,0
43,0,0,1,0,0,0,0,0,0,0,0,0,0,0,0,0,0,0,0,3,0
44,0,0,2,0,0,0,0,0,0,0,0,0,0,0,0,0,0,0,3,0,0
46,0,0,0,0,0,0,0,0,0,0,0,0,0,0,0,0,0,0,10,0,0
47,0,0,0,5,0,0,0,0,0,0,0,0,0,0,0,0,0,0,0,0,0
48,0,0,0,0,0,0,0,0,6,0,0,0,0,0,0,0,0,0,0,3,0
49,0,0,2,0,0,3,0,0,0,0,0,0,0,0,0,0,0,0,3,0,0
52,0,0,0,0,2,0,0,0,0,0,0,0,0,0,0,0,0,0,0,5,0
53,0,0,1,0,0,0,0,0,0,0,0,0,0,0,0,0,0,0,2,0,0
57,0,0,0,0,0,0,0,0,0,0,0,0,0,0,0,0,0,0,10,0,0
60,0,0,0,0,0,0,0,0,0,0,0,0,0,0,0,0,0,0,5,0,0
64,0,0,0,0,0,0,0,0,0,0,0,0,0,0,0,0,0,0,4,0,0
66,3,0,0,0,0,0,0,0,0,0,0,0,0,0,0,0,0,0,0,0,4
69,0,0,20,0,10,0,10,0,0,0,0,0,0,0,0,0,0,0,30,0,0
70,0,0,0,0,0,0,0,0,0,0,0,0,0,0,0,0,0,0,2,0,0
72,0,0,0,0,0,0,0,0,0,0,0,0,0,0,0,0,0,0,5,0,0
73,0,0,0,0,0,1,0,0,0,0,0,0,0,0,0,0,0,0,3,0,0
77,0,0,0,0,0,0,0,0,0,0,0,0,0,0,0,0,0,0,2,0,0
79,0,0,0,0,2,0,0,0,0,0,0,0,0,0,0,0,0,0,5,0,0
80,0,0,0,0,0,0,0,0,0,0,0,0,0,0,0,0,0,0,5,0,0
81,0,0,0,0,0,0,0,0,0,0,0,0,0,0,0,0,0,0,0,0,5
82,0,0,0,3,0,0,0,0,0,0,0,0,0,0,0,0,0,0,0,0,0
83,0,0,0,0,5,0,0,0,0,0,0,0,0,0,0,0,0,0,2,0,0
84,0,0,0,0,0,0,0,0,0,0,0,0,0,0,0,0,0,0,0,5,0
85,0,0,0,0,0,0,0,0,10,0,0,0,0,0,0,0,0,0,0,0,0
86,0,0,0,0,0,0,0,0,0,0,0,0,0,0,0,0,0,0,0,0,20
87,0,0,0,0,0,3,0,10,0,0,0,0,0,0,0,0,0,0,0,0,0
88,0,0,0,0,0,0,0,0,0,0,0,0,0,0,0,0,0,0,0,7,0
100,0,0,0,1,0,0,0,0,0,0,0,0,0,0,0,0,0,0,0,0,0
102,10,0,5,0,0,10,0,0,5,0,0,0,0,0,0,0,0,0,5,0,0
104,0,0,0,0,3,0,0,5,0,0,0,0,0,0,0,0,0,0,3,0,0
106,0,0,0,0,0,3,0,0,0,0,0,0,0,0,0,0,0,0,2,0,0
111,0,0,0,0,0,0,5,0,2,0,0,0,0,0,0,0,0,0,0,3,0
115,0,0,0,0,0,0,0,20,0,0,0,0,0,0,0,0,0,0,2,0,0
120,0,0,0,5,8,0,3,0,0,0,0,0,0,0,0,0,0,0,0,5,0
121,0,0,0,5,0,0,0,0,0,0,0,0,0,0,0,0,0,0,0,0,2
128,0,0,0,0,0,0,0,0,0,0,0,0,0,0,0,0,0,0,15,0,0
129,0,0,0,0,0,0,0,0,0,0,0,0,0,0,0,0,0,0,10,0,0
130,10,10,10,0,35,10,10,0,0,0,0,0,0,0,0,0,0,0,0,10,0
133,0,0,3,0,0,0,0,0,0,0,0,0,0,0,0,0,0,0,0,0,0
137,0,0,0,0,0,0,0,0,0,0,0,0,0,0,0,0,0,0,0,0,6
138,0,0,2,0,0,2,0,0,0,0,0,0,0,0,0,0,0,0,0,0,0
139,0,0,0,0,1,0,0,0,0,0,0,0,0,0,0,0,0,0,0,0,0
140,0,10,0,0,0,0,0,0,0,0,0,0,0,0,0,0,0,0,0,5,0
147,0,0,0,0,0,10,0,0,0,0,0,0,0,0,0,0,0,0,10,0,0
148,0,0,5,0,0,0,0,0,0,0,0,0,0,0,0,0,0,0,0,5,0
149,0,0,0,0,0,0,0,0,0,0,0,0,0,0,0,0,0,0,3,0,0
151,0,0,0,0,0,0,0,0,0,0,0,0,0,0,0,0,0,0,0,1,1
152,0,0,0,0,2,8,5,0,4,0,0,0,0,0,0,0,0,0,3,0,0
153,0,0,0,0,0,0,0,0,0,0,0,0,0,0,0,0,0,0,10,0,0
154,0,0,0,0,0,0,0,0,0,0,0,0,0,0,0,0,0,0,0,2,1
155,0,0,0,0,0,0,0,0,0,0,0,0,0,0,0,0,0,0,6,0,0
156,0,0,0,5,0,0,0,0,0,0,0,0,0,0,0,0,0,0,0,0,0
159,0,0,0,0,3,0,2,0,0,0,0,0,0,0,0,0,0,0,0,5,0
160,0,0,0,0,0,0,0,0,0,0,0,0,0,0,0,0,0,0,0,0,3
163,2,0,0,2,0,0,0,0,0,0,0,0,0,0,0,0,0,0,0,0,0
165,0,0,0,3,0,0,0,0,0,0,0,0,0,0,0,0,0,0,0,0,0
170,0,0,0,0,0,0,0,0,0,0,0,0,0,0,0,0,0,0,0,0,3
173,0,0,0,0,0,0,0,0,0,0,0,0,0,0,0,0,0,0,3,0,0
176,0,0,0,1,0,0,1,0,0,0,0,0,0,0,0,0,0,0,0,0,0
177,0,0,0,0,0,0,0,0,0,0,0,0,0,0,0,0,0,0,5,0,0
178,0,0,0,0,0,0,0,0,0,0,0,0,0,0,0,0,0,0,0,4,0
179,0,0,0,0,0,0,0,2,0,0,0,0,0,0,0,0,0,0,0,0,0
181,0,0,0,0,0,0,0,0,0,0,0,0,0,0,0,0,0,0,20,0,0
182,0,0,0,1,1,0,2,2,0,0,0,0,0,0,0,0,0,0,0,0,0
185,0,0,0,0,0,0,0,0,0,0,0,0,0,0,0,0,0,0,0,4,0
186,2,0,10,-10,0,0,2,0,0,0,0,0,0,0,0,0,0,0,0,0,0
188,0,0,0,0,2,4,4,0,0,0,0,0,0,0,0,0,0,0,0,0,0
189,0,0,0,0,3,5,0,0,0,0,0,0,0,0,0,0,0,0,0,0,0
190,0,0,0,0,0,0,0,0,0,0,0,0,0,0,0,0,0,0,3,0,0
192,0,0,0,0,0,0,0,0,0,0,0,0,0,0,0,0,0,0,0,5,0
193,1,0,1,4,0,0,0,2,0,0,0,0,0,0,0,0,0,0,0,0,0
194,0,0,0,0,0,0,0,0,0,0,0,0,0,0,0,0,0,0,2,0,0
197,0,0,0,0,0,1,0,0,0,0,0,0,0,0,0,0,0,0,5,0,8
198,0,0,0,0,0,0,0,0,0,0,0,0,0,0,0,0,0,0,5,0,0
199,0,0,0,0,0,0,0,0,0,0,0,0,0,0,0,0,0,0,0,0,3
203,0,0,0,0,0,0,0,0,0,0,0,0,0,0,0,0,0,0,2,0,0
206,0,0,0,0,0,0,0,2,0,0,0,0,0,0,0,0,0,0,0,2,0
207,0,0,0,10,2,5,0,3,2,0,0,0,0,0,0,0,0,0,0,0,3
208,0,0,0,0,0,0,0,0,0,0,0,0,0,0,0,0,0,0,0,3,0
214,3,0,0,0,3,0,0,0,0,0,0,0,0,0,0,0,0,0,0,2,0
219,0,0,0,0,0,0,0,0,0,0,0,0,0,0,0,0,0,0,3,0,0
224,0,0,0,0,2,0,0,0,2,0,0,0,0,0,0,0,0,0,0,0,0
225,0,0,0,0,0,0,0,0,0,0,0,0,0,0,0,0,0,0,0,20,0
231,0,0,0,0,0,0,0,0,0,0,0,0,0,0,0,0,0,0,3,0,0
234,0,0,1,0,2,0,0,0,0,0,0,0,0,0,0,0,0,0,0,2,0
236,0,0,6,0,0,0,0,0,0,0,0,0,0,0,0,0,0,0,0,0,0
237,0,0,0,0,0,0,0,0,0,0,0,0,0,0,0,0,0,0,0,5,0
239,0,0,0,0,0,0,2,0,0,0,0,0,0,0,0,0,0,0,0,2,0
247,0,0,0,0,0,0,0,0,0,0,0,0,0,0,0,0,0,0,0,5,0
251,0,20,0,0,0,0,0,0,0,0,0,0,0,0,0,0,0,0,0,10,0
252,0,0,0,0,2,0,0,0,0,0,0,0,0,0,0,0,0,0,0,0,4
253,0,0,0,0,0,0,3,0,0,0,0,0,0,0,0,0,0,0,0,0,0
257,0,0,0,0,0,0,1,0,0,0,0,0,0,0,0,0,0,0,0,5,0
258,2,0,0,3,0,0,0,0,0,0,0,0,0,0,0,0,0,0,5,0,0
262,0,0,0,2,2,3,0,0,0,0,0,0,0,0,0,0,0,0,0,0,0
267,5,0,0,0,0,0,0,0,0,0,0,0,0,0,0,0,0,0,0,0,0
269,0,0,0,0,0,0,0,0,0,0,0,0,0,0,0,0,0,0,4,0,0
270,0,0,0,3,0,0,0,3,0,0,0,0,0,0,0,0,0,0,0,0,5
271,0,0,0,0,0,2,2,0,0,0,0,0,0,0,0,0,0,0,0,0,0
277,0,0,0,0,0,0,0,0,0,0,0,0,0,0,0,0,0,0,5,0,0
281,0,0,0,0,0,0,0,0,0,0,0,0,0,0,0,0,0,0,5,0,0
282,0,0,1,0,0,3,0,0,0,0,0,0,0,0,0,0,0,0,0,0,0
285,0,0,0,0,0,0,0,2,0,0,0,0,0,0,0,0,0,0,0,5,0
290,0,0,0,2,0,0,0,0,0,0,0,0,0,0,0,0,0,0,5,0,0
291,0,0,0,0,0,0,0,0,0,0,0,0,0,0,0,0,0,0,6,0,0
296,0,0,0,0,0,0,0,0,0,0,0,0,0,0,0,0,0,0,5,0,0
297,0,0,0,0,0,2,0,0,0,0,0,0,0,0,0,0,0,0,0,0,0
299,0,0,3,5,2,0,0,0,5,0,0,0,0,0,0,0,0,0,10,0,0
301,0,0,0,0,0,0,2,0,0,0,0,0,0,0,0,0,0,0,0,4,0
304,0,0,0,0,0,5,0,0,0,0,0,0,0,0,0,0,0,0,0,0,0
307,0,0,0,5,0,0,0,0,0,0,0,0,0,0,0,0,0,0,0,7,0
315,0,0,0,0,0,0,0,0,0,0,0,0,0,0,0,0,0,0,0,2,0
316,0,0,0,0,0,0,0,0,0,0,0,0,0,0,0,0,0,0,2,0,0
317,0,0,0,0,0,0,0,0,0,0,0,0,0,0,0,0,0,0,1,0,0
318,0,0,0,0,0,0,0,0,0,0,0,0,0,0,0,0,0,0,0,1,0
320,0,0,0,0,0,0,0,0,0,0,0,0,0,0,0,0,0,0,0,6,8
322,0,0,0,0,0,0,0,0,0,0,0,0,0,0,0,0,0,0,3,0,0
323,1,0,0,0,0,0,0,0,0,0,0,0,0,0,0,0,0,0,0,0,0
327,0,5,0,0,0,5,0,5,0,0,0,0,0,0,0,0,0,0,0,0,0
328,0,0,0,4,0,0,0,10,0,0,0,0,0,0,0,0,0,0,0,0,0
330,0,0,9,0,0,0,5,5,0,0,0,0,0,0,0,0,0,0,0,0,0
333,0,0,0,5,0,0,0,0,0,0,0,0,0,0,0,0,0,0,2,0,0
334,0,0,0,5,0,0,0,0,0,0,0,0,0,0,0,0,0,0,0,0,0
335,0,0,0,0,0,0,0,0,0,0,0,0,0,0,0,0,0,0,0,1,0
336,0,0,0,0,0,0,0,0,0,0,0,0,0,0,0,0,0,0,3,0,0
338,0,0,0,0,0,0,0,0,0,0,0,0,0,0,0,0,0,0,3,0,3
339,0,0,0,0,1,0,0,0,0,0,0,0,0,0,0,0,0,0,0,0,0
340,0,0,0,0,0,0,0,0,0,0,0,0,0,0,0,0,0,0,0,20,0
344,0,0,0,0,0,0,0,0,0,0,0,0,0,0,0,0,0,0,2,5,0
347,3,0,0,2,0,0,0,0,0,0,0,0,0,0,0,0,0,0,0,5,0
348,0,0,0,3,0,0,0,0,0,0,0,0,0,0,0,0,0,0,0,0,0
349,0,0,0,0,0,0,0,0,0,0,0,0,0,0,0,0,0,0,8,0,0
351,0,0,0,0,0,0,0,10,0,0,0,0,0,0,0,0,0,0,0,0,0
353,0,0,0,0,2,0,0,0,0,0,0,0,0,0,0,0,0,0,0,3,0
354,0,0,0,0,0,0,3,0,0,0,0,0,0,0,0,0,0,0,0,2,5
356,0,0,0,0,0,0,0,0,0,0,0,0,0,0,0,0,0,0,0,2,0
357,0,0,0,3,0,0,0,0,10,0,0,0,0,0,0,0,0,0,5,0,0
361,0,0,0,0,0,0,0,0,0,0,0,0,0,0,0,0,0,0,0,4,0
364,0,0,0,0,2,0,0,0,0,0,0,0,0,0,0,0,0,0,2,2,0
366,0,0,0,0,0,0,0,0,0,0,0,0,0,0,0,0,0,0,0,0,5
377,0,0,0,0,0,0,0,0,0,0,0,0,0,0,0,0,0,0,0,3,0
378,0,0,0,0,5,0,0,0,0,0,0,0,0,0,0,0,0,0,0,0,0
384,0,0,0,0,0,0,0,0,0,0,0,0,0,0,0,0,0,0,4,0,0
385,0,0,0,3,0,0,0,0,0,0,0,0,0,0,0,0,0,0,0,0,10
387,0,0,0,1,0,0,0,0,0,0,0,0,0,0,0,0,0,0,0,0,0
389,0,0,0,6,0,7,0,0,0,0,0,0,0,0,0,0,0,0,0,0,0
391,0,0,0,0,0,0,0,0,0,0,0,0,0,0,0,0,0,0,9,0,0
393,0,0,0,0,0,5,0,0,0,0,0,0,0,0,0,0,0,0,0,0,0
395,0,0,0,0,0,0,0,0,0,0,0,0,0,0,0,0,0,0,5,0,0
396,0,0,0,0,0,0,0,0,0,0,0,0,0,0,0,0,0,0,10,0,0
398,0,0,0,0,5,0,3,0,0,0,0,0,0,0,0,0,0,0,0,5,0
401,0,0,0,0,0,0,0,0,0,0,0,0,0,0,0,0,0,0,0,20,0
402,0,0,0,0,0,0,0,0,0,0,0,0,0,0,0,0,0,0,0,2,3
404,2,0,0,0,0,0,0,0,0,0,0,0,0,0,0,0,0,0,0,0,0
405,0,0,0,0,0,0,0,0,0,0,0,0,0,0,0,0,0,0,0,2,0
406,0,0,0,0,1,0,0,0,0,0,0,0,0,0,0,0,0,0,0,5,10
408,0,0,0,0,0,1,0,0,0,0,0,0,0,0,0,0,0,0,0,0,0
411,0,0,0,0,0,0,0,0,0,0,0,0,0,0,0,0,0,0,0,0,10
412,0,0,0,0,0,0,1,0,0,0,0,0,0,0,0,0,0,0,10,0,0
413,0,0,0,0,5,0,0,0,0,0,0,0,0,0,0,0,0,0,3,0,0
414,10,10,10,10,0,15,5,0,0,0,0,0,0,0,0,0,0,0,0,0,8
415,0,0,0,0,0,0,0,0,0,0,0,0,0,0,0,0,0,0,20,0,0
416,0,0,0,0,0,0,0,0,1,0,0,0,0,0,0,0,0,0,0,22,0
417,4,0,0,0,0,0,0,0,0,0,0,0,0,0,0,0,0,0,0,0,0
418,0,0,0,0,5,0,0,0,0,0,0,0,0,0,0,0,0,0,0,0,0
419,0,0,0,0,0,2,0,0,0,0,0,0,0,0,0,0,0,0,0,4,0
425,0,0,0,0,3,0,0,0,0,0,0,0,0,0,0,0,0,0,0,0,0
427,2,0,0,0,0,0,0,0,0,0,0,0,0,0,0,0,0,0,0,3,0
429,0,0,0,0,0,0,0,0,0,0,0,0,0,0,0,0,0,0,0,11,0
430,0,0,0,0,0,0,0,6,0,0,0,0,0,0,0,0,0,0,8,5,3
434,0,0,0,0,0,0,0,0,0,0,0,0,0,0,0,0,0,0,2,0,0
436,0,0,0,0,1,0,0,0,0,0,0,0,0,0,0,0,0,0,3,0,0
438,0,0,0,0,0,0,0,0,0,0,0,0,0,0,0,0,0,0,3,0,0
439,0,0,0,0,0,0,0,2,0,0,0,0,0,0,0,0,0,0,0,0,0
440,12,0,0,1,3,0,0,0,0,0,0,0,0,0,0,0,0,0,0,0,0
441,0,0,2,0,0,0,0,0,0,0,0,0,0,0,0,0,0,0,0,0,0
442,0,0,0,0,0,0,0,10,0,0,0,0,0,0,0,0,0,0,0,0,20
444,0,0,0,0,0,0,0,0,0,0,0,0,0,0,0,0,0,0,0,0,5
445,0,0,0,0,0,0,5,0,0,0,0,0,0,0,0,0,0,0,4,0,0
446,0,0,0,0,0,0,0,0,0,0,0,0,0,0,0,0,0,0,5,0,0
451,0,0,2,0,0,1,0,0,0,0,0,0,0,0,0,0,0,0,10,0,0
452,0,0,2,3,4,4,0,0,0,0,0,0,0,0,0,0,0,0,0,3,0
456,0,0,0,0,0,0,1,0,0,0,0,0,0,0,0,0,0,0,1,0,0
460,3,0,0,3,0,0,0,6,0,0,0,0,0,0,0,0,0,0,0,1,3
461,0,0,0,0,0,0,0,0,0,0,0,0,0,0,0,0,0,0,5,0,0
463,0,0,0,0,0,0,0,0,0,0,0,0,0,0,0,0,0,0,0,2,0
465,0,0,0,0,5,0,0,0,0,0,0,0,0,0,0,0,0,0,0,0,0
470,0,0,0,0,0,0,0,0,0,0,0,0,0,0,0,0,0,0,0,2,0
472,0,0,0,0,0,0,0,0,0,0,0,0,0,0,0,0,0,0,0,5,0
473,0,0,0,0,6,0,0,0,0,0,0,0,0,0,0,0,0,0,0,0,0
474,0,0,0,0,5,0,0,0,0,0,0,0,0,0,0,0,0,0,0,0,0
478,0,0,0,0,0,0,0,0,0,0,0,0,0,0,0,0,0,0,0,3,0
479,0,0,2,0,0,0,0,0,0,0,0,0,0,0,0,0,0,0,0,0,0
480,0,0,0,0,0,0,0,18,0,0,0,0,0,0,0,0,0,0,0,0,0
482,10,0,15,10,5,5,0,5,0,0,0,0,0,0,0,0,0,0,4,4,10
483,0,0,0,0,5,0,0,0,0,0,0,0,0,0,0,0,0,0,0,0,0
484,0,0,0,0,0,0,0,0,0,0,0,0,0,0,0,0,0,0,10,0,0
486,0,0,0,5,0,0,0,0,0,0,0,0,0,0,0,0,0,0,0,0,0
489,0,0,0,0,0,0,0,0,0,0,0,0,0,0,0,0,0,0,3,0,0
494,0,0,0,0,0,0,0,0,0,0,0,0,0,0,0,0,0,0,5,0,0
499,0,0,0,0,0,10,0,0,0,0,0,0,0,0,0,0,0,0,0,0,5
505,0,0,0,0,0,7,2,0,5,0,0,0,0,0,0,0,0,0,0,0,0
508,0,0,5,0,0,0,0,0,0,0,0,0,0,0,0,0,0,0,0,0,3
513,0,0,3,0,0,0,0,0,0,0,0,0,0,0,0,0,0,0,0,0,0
515,0,0,0,0,0,0,1,0,0,0,0,0,0,0,0,0,0,0,0,0,0
521,10,0,6,2,3,0,0,4,10,0,0,0,0,0,0,0,0,0,0,2,8
523,0,0,0,0,1,0,0,0,0,0,0,0,0,0,0,0,0,0,0,0,0
527,0,0,2,2,0,0,0,0,0,0,0,0,0,0,0,0,0,0,0,0,0
528,0,0,0,0,0,0,0,0,0,0,0,0,0,0,0,0,0,0,5,0,0
531,0,0,0,0,0,0,0,0,0,0,0,0,0,0,0,0,0,0,2,0,0
532,0,0,0,2,0,0,0,0,0,0,0,0,0,0,0,0,0,0,0,0,0
534,0,0,2,0,0,6,0,11,22,0,0,0,0,0,0,0,0,0,0,7,7
535,0,0,0,0,6,0,0,0,0,0,0,0,0,0,0,0,0,0,5,0,10
537,0,0,1,0,0,0,0,0,0,0,0,0,0,0,0,0,0,0,0,0,0
538,0,0,0,0,0,0,0,0,0,0,0,0,0,0,0,0,0,0,0,2,0
542,0,0,0,0,2,0,0,0,0,0,0,0,0,0,0,0,0,0,0,0,0
544,0,0,0,0,4,0,0,30,0,0,0,0,0,0,0,0,0,0,0,5,0
546,0,1,0,0,0,0,2,0,0,0,0,0,0,0,0,0,0,0,0,0,0
549,0,0,0,0,0,1,0,0,0,0,0,0,0,0,0,0,0,0,0,0,0
550,0,0,0,0,0,0,0,0,0,0,0,0,0,0,0,0,0,0,10,0,0
554,0,0,2,0,0,0,4,0,0,0,0,0,0,0,0,0,0,0,0,0,0
555,0,0,0,0,0,5,0,0,0,0,0,0,0,0,0,0,0,0,4,0,0
558,0,0,0,0,3,0,0,0,0,0,0,0,0,0,0,0,0,0,0,0,0
559,0,0,2,5,0,0,0,0,14,0,0,0,0,0,0,0,0,0,0,0,0
562,0,0,0,0,0,0,5,0,0,0,0,0,0,0,0,0,0,0,0,0,10
566,0,0,0,0,0,0,0,20,0,0,0,0,0,0,0,0,0,0,0,0,4
567,0,0,0,0,2,0,0,0,6,0,0,0,0,0,0,0,0,0,0,0,0
571,0,0,0,0,0,0,0,0,0,0,0,0,0,0,0,0,0,0,2,0,0
576,0,0,0,0,0,0,0,0,0,0,0,0,0,0,0,0,0,0,5,8,0
581,0,0,1,0,0,0,0,0,0,0,0,0,0,0,0,0,0,0,0,0,0
584,0,0,0,0,0,0,0,0,0,0,0,0,0,0,0,0,0,0,10,-5,0
586,0,0,0,0,0,5,0,0,0,0,0,0,0,0,0,0,0,0,0,0,2
588,0,10,0,0,5,0,3,20,0,0,0,0,0,0,0,0,0,0,0,5,10
592,0,0,0,0,0,1,0,0,0,0,0,0,0,0,0,0,0,0,0,0,0
595,0,0,0,0,0,2,0,0,0,0,0,0,0,0,0,0,0,0,5,0,0
596,0,0,0,0,0,0,0,0,0,0,0,0,0,0,0,0,0,0,0,0,5
599,0,0,0,0,0,0,0,0,0,0,0,0,0,0,0,0,0,0,5,0,0
600,0,0,5,0,0,0,0,0,0,0,0,0,0,0,0,0,0,0,0,0,0
605,0,0,0,0,0,1,0,0,0,0,0,0,0,0,0,0,0,0,0,0,0
614,5,0,0,0,0,3,0,0,0,0,0,0,0,0,0,0,0,0,0,0,0
615,0,0,1,0,3,0,0,0,0,0,0,0,0,0,0,0,0,0,0,0,4
617,0,0,0,0,0,0,3,0,0,0,0,0,0,0,0,0,0,0,0,0,0
618,0,0,7,0,8,5,0,2,2,0,0,0,0,0,0,0,0,0,5,0,0
624,0,0,2,0,0,0,0,0,0,0,0,0,0,0,0,0,0,0,0,0,0
625,0,0,0,0,0,0,0,0,0,0,0,0,0,0,0,0,0,0,6,0,0
629,2,0,2,1,2,2,0,0,0,0,0,0,0,0,0,0,0,0,3,0,2
631,0,0,0,0,0,20,0,0,0,0,0,0,0,0,0,0,0,0,0,0,0
633,0,0,0,2,0,0,0,4,0,0,0,0,0,0,0,0,0,0,0,0,0
634,0,0,0,0,0,0,20,-5,0,0,0,0,0,0,0,0,0,0,0,0,0
635,0,0,0,5,0,0,0,0,0,0,0,0,0,0,0,0,0,0,0,0,0
636,0,0,0,0,0,0,0,1,0,0,0,0,0,0,0,0,0,0,5,0,0
644,0,0,0,2,0,0,0,2,0,0,0,0,0,0,0,0,0,0,2,0,0
645,0,0,0,1,0,0,0,5,0,0,0,0,0,0,0,0,0,0,0,0,0
646,0,0,0,0,5,15,5,0,0,0,0,0,0,0,0,0,0,0,20,0,0
652,0,0,0,5,5,5,0,0,0,0,0,0,0,0,0,0,0,0,0,0,0
654,0,0,1,2,0,0,2,0,0,0,0,0,0,0,0,0,0,0,5,0,3
655,0,0,0,0,0,0,0,0,0,0,0,0,0,0,0,0,0,0,0,0,10
656,0,0,0,0,0,0,0,0,0,0,0,0,0,0,0,0,0,0,2,2,0
657,0,0,0,0,0,0,1,0,0,0,0,0,0,0,0,0,0,0,2,0,0
658,0,0,0,0,0,0,0,0,0,0,0,0,0,0,0,0,0,0,5,10,0
660,0,0,0,1,0,0,0,0,0,0,0,0,0,0,0,0,0,0,0,0,0
662,0,0,0,0,0,0,0,0,0,0,0,0,0,0,0,0,0,0,10,0,0
664,0,0,0,10,0,0,0,0,0,0,0,0,0,0,0,0,0,0,0,0,0
666,0,0,0,0,6,0,0,5,0,0,0,0,0,0,0,0,0,0,0,0,0
667,0,0,0,0,0,0,2,2,0,0,0,0,0,0,0,0,0,0,0,5,0
668,0,0,0,0,0,0,0,0,0,0,0,0,0,0,0,0,0,0,0,5,0
669,0,0,0,0,0,5,0,0,0,0,0,0,0,0,0,0,0,0,0,5,0
670,0,0,0,0,0,0,0,0,0,0,0,0,0,0,0,0,0,0,0,0,12
672,0,0,0,0,0,0,0,0,0,0,0,0,0,0,0,0,0,0,0,5,0
673,0,0,5,0,10,0,0,0,0,0,0,0,0,0,0,0,0,0,5,0,0
676,0,0,0,0,0,1,0,2,0,0,0,0,0,0,0,0,0,0,7,0,0
678,0,0,0,0,0,0,0,0,0,0,0,0,0,0,0,0,0,0,2,0,0
682,0,0,0,0,0,0,0,0,0,0,0,0,0,0,0,0,0,0,0,1,0
683,0,0,0,0,0,0,0,0,1,0,0,0,0,0,0,0,0,0,0,0,0
688,0,0,0,0,0,0,5,0,0,0,0,0,0,0,0,0,0,0,5,0,0
691,0,0,2,6,0,0,0,0,0,0,0,0,0,0,0,0,0,0,0,4,0
692,0,3,0,3,6,0,0,7,10,0,0,0,0,0,0,0,0,0,0,4,5
696,0,0,0,0,0,10,0,40,0,0,0,0,0,0,0,0,0,0,0,0,5
697,0,0,0,0,0,0,3,0,0,0,0,0,0,0,0,0,0,0,0,0,0
699,0,3,0,0,0,0,0,0,0,0,0,0,0,0,0,0,0,0,2,0,0
701,0,0,0,0,0,0,0,22,0,0,0,0,0,0,0,0,0,0,0,1,0
703,0,0,0,1,0,0,0,0,0,0,0,0,0,0,0,0,0,0,0,0,0
705,0,2,0,0,5,5,0,0,0,0,0,0,0,0,0,0,0,0,0,0,2
706,0,0,0,0,5,10,0,0,0,0,0,0,0,0,0,0,0,0,0,5,0
707,0,0,0,0,0,0,0,1,0,0,0,0,0,0,0,0,0,0,1,0,0
708,10,0,0,5,0,0,0,0,0,0,0,0,0,0,0,0,0,0,0,3,0
710,0,0,6,2,0,0,0,0,0,0,0,0,0,0,0,0,0,0,0,0,0
714,0,0,0,0,0,0,0,0,0,0,0,0,0,0,0,0,0,0,2,0,0
715,0,0,0,0,0,0,0,0,0,0,0,0,0,0,0,0,0,0,0,0,5
716,0,0,0,3,0,0,0,0,0,0,0,0,0,0,0,0,0,0,0,0,0
721,0,0,0,0,0,0,0,0,0,0,0,0,0,0,0,0,0,0,0,3,0
724,0,0,0,0,0,0,4,0,0,0,0,0,0,0,0,0,0,0,0,0,0
725,0,0,0,0,0,0,0,0,0,0,0,0,0,0,0,0,0,0,0,0,3
731,0,0,0,0,0,5,0,0,0,0,0,0,0,0,0,0,0,0,0,0,0
732,0,0,19,0,0,0,0,0,0,0,0,0,0,0,0,0,0,0,0,0,0
733,0,0,0,0,0,0,0,0,0,0,0,0,0,0,0,0,0,0,0,4,0
734,0,0,0,0,8,0,5,0,0,0,0,0,0,0,0,0,0,0,0,4,0
735,0,0,0,0,0,0,0,0,8,0,0,0,0,0,0,0,0,0,0,5,2
737,0,0,0,0,0,0,0,0,0,0,0,0,0,0,0,0,0,0,0,0,3
739,0,0,0,5,5,0,5,0,0,0,0,0,0,0,0,0,0,0,0,0,0
742,0,0,0,0,5,18,0,40,110,0,0,0,0,0,0,0,0,0,0,140,120
743,0,0,0,100,0,65,0,0,0,0,0,0,0,0,0,0,0,0,0,0,0
744,1,0,2,5,0,0,6,4,0,0,0,0,0,0,0,0,0,0,0,0,0
747,0,0,0,0,0,0,8,0,0,0,0,0,0,0,0,0,0,0,0,0,0
748,0,0,0,0,-2,0,0,0,0,0,0,0,0,0,0,0,0,0,10,0,0
749,0,0,0,10,0,10,0,0,0,0,0,0,0,0,0,0,0,0,20,20,0
753,0,2,0,0,2,0,0,6,0,0,0,0,0,0,0,0,0,0,0,0,1
757,0,0,0,3,5,3,5,0,0,0,0,0,0,0,0,0,0,0,0,0,0
758,0,0,3,10,0,0,0,0,0,0,0,0,0,0,0,0,0,0,0,0,0
759,0,0,0,0,15,0,0,0,0,0,0,0,0,0,0,0,0,0,0,0,0
762,0,0,0,0,0,0,0,0,2,0,0,0,0,0,0,0,0,0,0,0,0
763,0,0,0,0,0,2,0,0,0,0,0,0,0,0,0,0,0,0,0,0,2
767,0,0,0,0,0,0,0,0,0,0,0,0,0,0,0,0,0,0,0,3,0
770,0,0,0,0,0,0,0,0,0,0,0,0,0,0,0,0,0,0,0,5,0
771,0,0,0,0,3,0,2,0,0,0,0,0,0,0,0,0,0,0,0,1,0
772,0,0,0,0,0,0,0,0,0,0,0,0,0,0,0,0,0,0,2,0,0
782,0,0,0,30,10,0,0,0,0,0,0,0,0,0,0,0,0,0,0,0,0
783,0,0,0,0,0,0,0,0,10,0,0,0,0,0,0,0,0,0,0,1,0
789,0,0,0,10,-10,0,0,0,0,0,0,0,0,0,0,0,0,0,0,10,12
795,0,0,0,0,0,0,0,0,0,0,0,0,0,0,0,0,0,0,0,20,-20
796,0,0,0,5,2,0,0,0,0,0,0,0,0,0,0,0,0,0,0,0,0
797,0,0,0,0,0,0,0,5,0,0,0,0,0,0,0,0,0,0,0,0,0
799,0,0,0,0,0,0,0,0,0,0,0,0,0,0,0,0,0,0,5,0,0
801,8,0,0,3,0,0,5,2,0,0,0,0,0,0,0,0,0,0,0,2,4
802,0,0,0,0,0,0,15,20,0,0,0,0,0,0,0,0,0,0,0,5,0
803,0,0,0,0,3,0,3,0,0,0,0,0,0,0,0,0,0,0,0,2,0
804,0,0,0,0,0,2,0,0,0,0,0,0,0,0,0,0,0,0,0,5,0
806,0,0,0,9,3,6,0,0,0,0,0,0,0,0,0,0,0,0,0,15,2
807,0,0,0,0,0,0,0,0,0,0,0,0,0,0,0,0,0,0,0,2,0
811,0,0,0,0,0,0,4,0,0,0,0,0,0,0,0,0,0,0,0,0,0
812,0,0,0,0,6,0,0,0,0,0,0,0,0,0,0,0,0,0,0,0,0
813,0,0,0,3,0,0,0,0,10,0,0,0,0,0,0,0,0,0,0,0,0
814,0,0,0,0,0,0,0,1,0,0,0,0,0,0,0,0,0,0,0,0,0
815,0,0,0,2,3,0,0,3,0,0,0,0,0,0,0,0,0,0,0,0,0
817,0,0,0,0,0,0,4,4,0,0,0,0,0,0,0,0,0,0,0,5,0
828,0,0,0,3,3,0,3,0,5,0,0,0,0,0,0,0,0,0,8,0,0
829,0,0,0,0,0,0,0,0,0,0,0,0,0,0,0,0,0,0,0,9,0
832,3,0,0,0,3,0,0,2,5,0,0,0,0,0,0,0,0,0,0,0,0
840,0,0,5,0,5,0,0,0,0,0,0,0,0,0,0,0,0,0,0,0,0
844,0,0,0,0,0,0,0,10,0,0,0,0,0,0,0,0,0,0,0,0,0
845,0,0,0,0,0,0,0,6,0,0,0,0,0,0,0,0,0,0,0,0,0
847,0,0,0,0,1,0,0,0,0,0,0,0,0,0,0,0,0,0,0,0,0
849,0,0,0,10,0,10,0,0,0,0,0,0,0,0,0,0,0,0,0,0,0
853,0,0,0,0,0,3,0,0,0,0,0,0,0,0,0,0,0,0,0,0,0
856,0,0,10,0,0,0,10,20,50,0,0,0,0,0,0,0,0,0,0,0,0
858,0,0,0,5,0,0,0,0,0,0,0,0,0,0,0,0,0,0,0,0,0
860,0,0,0,2,-1,10,1,14,0,0,0,0,0,0,0,0,0,0,0,0,0
861,0,0,0,0,0,8,0,0,0,0,0,0,0,0,0,0,0,0,0,0,0
863,0,0,0,0,2,0,2,2,0,0,0,0,0,0,0,0,0,0,0,0,0
865,0,0,0,0,0,5,0,0,0,0,0,0,0,0,0,0,0,0,0,0,0
869,0,0,0,2,0,0,0,0,0,0,0,0,0,0,0,0,0,0,0,0,0
873,0,0,0,3,5,0,10,0,0,0,0,0,0,0,0,0,0,0,0,0,0
876,0,0,0,0,1,0,0,0,0,0,0,0,0,0,0,0,0,0,0,0,0
877,0,0,0,2,0,0,0,6,0,0,0,0,0,0,0,0,0,0,0,0,0
879,0,0,0,0,5,0,0,0,0,0,0,0,0,0,0,0,0,0,0,0,0
885,0,0,0,0,3,0,0,0,0,0,0,0,0,0,0,0,0,0,0,0,0
889,0,0,0,0,4,0,0,0,0,0,0,0,0,0,0,0,0,0,0,0,0
890,0,0,0,0,4,0,0,0,0,0,0,0,0,0,0,0,0,0,0,0,0
891,0,0,0,0,3,2,0,0,2,0,0,0,0,0,0,0,0,0,0,0,0
897,0,0,0,0,0,0,3,0,0,0,0,0,0,0,0,0,0,0,0,0,0
899,0,0,0,0,0,0,0,5,0,0,0,0,0,0,0,0,0,0,0,0,0
900,0,0,0,0,0,3,0,15,0,0,0,0,0,0,0,0,0,0,0,0,0
901,0,0,0,0,0,0,8,5,0,0,0,0,0,0,0,0,0,0,0,0,0
910,0,0,0,0,0,0,0,30,0,0,0,0,0,0,0,0,0,0,0,0,0
919,0,0,0,0,0,1,0,0,0,0,0,0,0,0,0,0,0,0,0,0,0
935,0,0,0,0,0,0,0,0,0,0,0,0,0,0,0,0,0,0,2,0,0
936,0,0,0,0,0,0,0,0,2,0,0,0,0,0,0,0,0,0,0,0,0
938,0,0,0,2,0,0,0,0,0,0,0,0,0,0,0,0,0,0,0,0,0
964,0,0,2,1,0,2,2,0,0,0,0,0,0,0,0,0,0,0,0,2,3
965,0,0,9,0,0,3,5,10,0,0,0,0,0,0,0,0,0,0,0,0,0
969,0,0,0,0,2,0,0,0,0,0,0,0,0,0,0,0,0,0,0,0,0
971,0,0,0,1,0,0,0,10,0,0,0,0,0,0,0,0,0,0,0,0,0
972,0,0,4,10,12,0,0,0,0,0,0,0,0,0,0,0,0,0,0,0,0
973,0,0,0,2,0,0,0,0,0,0,0,0,0,0,0,0,0,0,0,0,0
974,0,0,0,0,10,0,0,0,0,0,0,0,0,0,0,0,0,0,0,0,0
976,0,0,0,0,0,0,0,0,0,0,0,0,0,0,0,0,0,0,0,0,2
977,0,0,0,2,2,0,0,0,0,0,0,0,0,0,0,0,0,0,0,0,0
979,0,0,0,1,0,0,0,0,0,0,0,0,0,0,0,0,0,0,0,0,0
980,0,0,0,0,0,5,0,0,0,0,0,0,0,0,0,0,0,0,0,4,0
981,0,0,0,0,0,3,0,2,10,0,0,0,0,0,0,0,0,0,2,5,0
984,0,0,0,0,0,0,0,0,0,0,0,0,0,0,0,0,0,0,0,3,0
986,0,0,0,0,0,0,0,0,0,0,0,0,0,0,0,0,0,0,0,2,0
987,0,0,0,0,0,0,0,0,12,0,0,0,0,0,0,0,0,0,0,0,0
988,0,0,0,0,0,0,0,16,0,0,0,0,0,0,0,0,0,0,0,0,0
989,0,0,0,2,0,0,0,0,0,0,0,0,0,0,0,0,0,0,0,0,0
990,0,0,0,0,8,2,0,0,32,0,0,0,0,0,0,0,0,0,0,0,0
992,0,0,0,0,20,0,0,8,0,0,0,0,0,0,0,0,0,0,0,0,0
993,0,0,0,0,0,0,0,0,0,0,0,0,0,0,0,0,0,0,0,22,0
994,0,0,0,0,0,2,0,0,0,0,0,0,0,0,0,0,0,0,0,0,0
995,0,0,0,3,0,0,3,0,0,0,0,0,0,0,0,0,0,0,0,0,0
997,0,0,0,0,0,0,0,0,0,0,0,0,0,0,0,0,0,0,0,5,0
998,0,0,0,0,0,0,0,0,0,0,0,0,0,0,0,0,0,0,0,3,0
999,0,0,0,0,0,0,0,0,0,0,0,0,0,0,0,0,0,0,0,5,0
1000,0,0,0,0,0,0,0,0,0,0,0,0,0,0,0,0,0,0,0,0,2
1001,3,0,0,0,0,0,0,0,0,0,0,0,0,0,0,0,0,0,0,0,0
1002,0,0,0,0,0,5,0,0,0,0,0,0,0,0,0,0,0,0,0,0,0
1003,0,0,0,5,0,0,0,0,0,0,0,0,0,0,0,0,0,0,0,0,0
1004,0,0,0,0,0,0,1,0,0,0,0,0,0,0,0,0,0,0,0,0,0
1005,0,0,0,0,2,0,0,0,0,0,0,0,0,0,0,0,0,0,0,0,0
1007,0,0,0,0,1,0,0,2,0,0,0,0,0,0,0,0,0,0,0,0,0
1008,0,0,0,0,3,0,6,10,18,0,0,0,0,0,0,0,0,0,0,0,0
1010,0,0,0,0,0,0,0,10,0,0,0,0,0,0,0,0,0,0,0,0,0
1012,0,0,0,0,0,0,20,20,0,0,0,0,0,0,0,0,0,0,0,0,0
1014,0,0,0,0,0,0,10,0,0,0,0,0,0,0,0,0,0,0,0,0,0
1018,0,0,0,0,0,0,0,5,0,0,0,0,0,0,0,0,0,0,0,0,0
1023,0,5,0,0,0,0,0,0,0,0,0,0,0,0,0,0,0,0,0,0,0
1026,0,0,0,0,2,0,0,0,0,0,0,0,0,0,0,0,0,0,0,0,0
1027,0,0,3,0,0,0,0,0,0,0,0,0,0,0,0,0,0,0,0,0,0
1029,0,0,0,0,0,0,0,0,10,0,0,0,0,0,0,0,0,0,0,0,0
1030,0,0,0,0,0,0,0,0,28,0,0,0,0,0,0,0,0,0,0,0,0
1031,0,0,0,0,0,10,0,0,0,0,0,0,0,0,0,0,0,0,0,0,0
1032,0,0,0,0,0,0,0,10,10,0,0,0,0,0,0,0,0,0,0,0,0
